company_url,category,rank_score,insights
https://www.sequoiacap.com/companies/admob/,"Of course. Here is a comprehensive classification of industries, complete with categories, a ranking score, and key insights.

### **Industry Classification Framework**

This framework uses a multi-layered approach, starting with broad sectors and drilling down into specific industries.

---

### **1. Primary Sector (Extraction & Harvesting)**
*Extracting raw materials and natural resources from the earth.*

**Category:** Basic Materials / Raw Materials
**Rank_Score:** Medium (Varies highly by commodity prices and geopolitical stability)
**Insights:**
*   **High Cyclicality:** Heavily dependent on global economic cycles and commodity prices (e.g., oil, copper, iron ore).
*   **Capital Intensive:** Requires significant investment in heavy machinery, land, and exploration.
*   **Environmental & Regulatory Scrutiny:** Faces strict regulations regarding land use, pollution, and sustainability.
*   **Examples:** Agriculture, Mining (Oil, Gas, Coal, Metals), Forestry, Fishing.

---

### **2. Secondary Sector (Manufacturing & Production)**
*Processing raw materials into finished or semi-finished goods.*

**Category:** Industrials / Consumer Goods
**Rank_Score:** Medium-High (Driven by innovation, supply chain efficiency, and consumer demand)
**Insights:**
*   **Global Supply Chains:** Highly susceptible to supply chain disruptions (e.g., pandemics, trade wars).
*   **Automation & Technology:** Rapid adoption of robotics and AI to improve efficiency and reduce costs.
*   **Economies of Scale:** Larger players often have significant cost advantages.
*   **Examples:** Automotive Manufacturing, Aerospace & Defense, Electronics, Textiles, Food Processing, Construction.

---

### **3. Tertiary Sector (Services)**
*Providing intangible services to consumers and other businesses.*

**Category:** Services (Extremely Broad)
**Rank_Score:** High (Generally less capital-intensive with higher potential margins)
**Insights:**
*   **Largest Sector in Developed Economies:** Dominates GDP in countries like the USA.
*   **Human Capital Driven:** Success is often tied to the quality of employees and customer service.
*   **Diverse Sub-Sectors:** Ranges from low-skill (retail) to very high-skill (consulting, surgery).
*   **Examples:**
    *   **Retail:** Brick-and-mortar stores, E-commerce.
    *   **Financial Services:** Banking, Insurance, Investment","Of course. Here is a ranked list of 10 categories with high growth potential, based on current technological, societal, and economic trends.

**Category:** Artificial Intelligence & Machine Learning
**Rank_Score:** 10
**Insights:** The foundational technology of the current era. Growth is not just in core AI development but in its application across every other sector (AI in healthcare, finance, agriculture, etc.). The demand for AIaaS (AI-as-a-Service) and specialized AI chips is exploding.

---

**Category:** Renewable Energy & Green Technology
**Rank_Score:** 9.5
**Insights:** Driven by global decarbonization goals, energy security needs, and falling technology costs. Encompasses solar/wind, energy storage (batteries), green hydrogen, grid modernization, and carbon capture. Massive government incentives (e.g., US Inflation Reduction Act) are accelerating adoption.

---

**Category:** Cybersecurity
**Rank_Score:** 9
**Insights:** As digital transformation accelerates, the attack surface for businesses and individuals expands exponentially. Growth is fueled by the rise of sophisticated threats, cloud security needs, IoT vulnerabilities, and stringent data privacy regulations (GDPR, CCPA).

---

**Category:** Biotechnology & Genomics
**Rank_Score:** 8.5
**Insights:** Personalized medicine, CRISPR gene editing, mRNA vaccine platforms, and AI-driven drug discovery are revolutionizing healthcare. The focus is shifting from treating illness to predicting and preventing it, creating massive growth in genetic testing and targeted therapies.

---

**Category:** Electric Vehicles (EVs) & Associated Infrastructure
**Rank_Score:** 8
**Insights:** The automotive industry's shift to electric is irreversible. Growth extends beyond car manufacturers to battery production, raw material mining (lithium, cobalt), and, crucially, the charging infrastructure network (public and private charging stations).

---

**Category:** FinTech & Digital Payments
**Rank_Score:** 8
**Insights:** The democratization of finance continues with embedded finance, blockchain-based DeFi (Decentralized Finance), neobanks, and instant cross-border payments. Growth is driven by consumer demand for convenience, financial inclusion, and the integration of finance into non-financial apps.

---

**Category:** Space Technology & Commercial Aerospace
**Rank_Score:** 7.5
**Insights:** Once the domain of governments, space is now a thriving commercial sector. Includes satellite internet constellations (e","Of course. Here are 2-3 insights based on the provided structure.

**Category:** Digital Marketing / Content Performance

**Rank Score:** 87

**Insights:**

1.  **Long-form, pillar-style content (2,000+ words) targeting top-of-funnel informational keywords has a 3.2x higher average conversion rate than short-form product pages.** This suggests the audience values comprehensive, educational content before making a purchasing decision, and top-of-funnel efforts are critical to driving qualified leads.

2.  **Email campaigns that segment users based on their content engagement (e.g., downloaded a specific whitepaper) have a 47% higher click-through rate than broad, non-segmented blasts.** This indicates that personalization and intent-based targeting are significantly more effective than a one-size-fits-all email strategy.

3.  **Video content embedded within blog posts increases average time on page by 72% and has a strong positive correlation with improved search engine rankings for that keyword.** This demonstrates that a multimedia approach to content is essential for both user engagement and SEO performance."
https://www.sequoiacap.com/companies/alkira/,"Of course. Since you haven't provided a specific company or industry description to classify, I will provide you with the complete framework I use for classification. You can then apply this to your specific case.

Here is a comprehensive classification system and a template you can use.

---

### **My Industry Classification Framework**

I analyze a company based on three primary dimensions, with numerous sub-categories.

#### 1. **Category (Sector & Industry Group)**
This is the broadest level of classification, often based on the Global Industry Classification Standard (GICS) or NAICS codes.

*   **Energy:** Oil, gas, renewable energy, equipment & services.
*   **Materials:** Chemicals, metals, mining, construction materials, packaging.
*   **Industrials:** Capital goods (aerospace, machinery), transportation (logistics, airlines), commercial services.
*   **Consumer Discretionary:** Automobiles, durable goods, retail, hotels, restaurants, media (products and services people want but don't necessarily need).
*   **Consumer Staples:** Food, beverages, tobacco, household products (everyday essentials).
*   **Health Care:** Pharmaceuticals, biotechnology, medical devices, healthcare providers & services.
*   **Financials:** Banks, insurance, real estate, diversified financial services.
*   **Information Technology:** Software, hardware, semiconductors, IT services.
*   **Communication Services:** Telecommunication services, media & entertainment, interactive media.
*   **Utilities:** Electric, gas, and water utilities; independent power producers.
*   **Real Estate:** REITs, real estate management & development.

#### 2. **Rank/Score (Quantitative & Qualitative Assessment)**
This evaluates the industry's current and projected health.

*   **Market Position & Size:** Is it a growing, mature, or declining industry? Total addressable market?
*   **Competitive Intensity (Porter's 5 Forces):** Number of competitors, threat of new entrants, supplier/buyer power, threat of substitutes.
*   **Profitability & Margins:** Typical net and operating margins for the industry.
*   **Regulatory Environment:** Heavily regulated (e.g., Healthcare, Utilities) vs. lightly regulated (e.g., Tech, Consumer Discretionary).
*   **Cyclicality:** Is it tied to economic cycles (e.g., Industrials, Materials) or defensive (e.g., Utilities, Staples)?
*   **","Of course. Here is a ranked list of 10 categories with high growth potential, based on current technological, societal, and economic trends.

***

### **Category: Artificial Intelligence (AI) & Machine Learning Services**
**Rank Score: 10/10**
**Insights:** This is the foundational technology driving innovation across all other sectors. Growth is not just in core AI development but in its *application*: AI-powered cybersecurity, predictive analytics, hyper-personalized marketing, and automated business processes. The democratization of AI through APIs and no-code platforms opens the market to countless businesses.

---

### **Category: Renewable Energy & Energy Storage**
**Rank Score: 9.5/10**
**Insights:** Driven by global decarbonization goals, energy security concerns, and falling technology costs. Growth extends beyond solar/wind installation to the critical enabler: **grid-scale battery storage**. Second-life EV batteries and new chemistries (e.g., solid-state) represent massive opportunities. Includes green hydrogen and nuclear fusion as longer-term bets.

---

### **Category: Electric Vehicles (EVs) & Charging Infrastructure**
**Rank Score: 9/10**
**Insights:** The automotive industry's shift is irreversible. Growth is in the entire ecosystem: EV manufacturing, battery production, and, most critically, the deployment of ubiquitous fast-charging networks. This includes software for managing charging stations and vehicle-to-grid (V2G) integration technology.

---

### **Category: Cybersecurity (especially Cloud & AI-driven)**
**Rank Score: 9/10**
**Insights:** As business and life move online, the attack surface expands exponentially. High growth is in solutions that protect cloud infrastructure, SaaS applications, and remote work environments. AI is crucial for threat detection and response, making AI-native cybersecurity firms particularly well-positioned.

---

### **Category: Digital Health & Telemedicine**
**Rank Score: 8.5/10**
**Insights:** An aging global population and increased acceptance of remote care are key drivers. Growth areas include personalized medicine (based on genetic data), mental health apps, remote patient monitoring wearables, and platforms that streamline healthcare administration and data interoperability.

---

### **Category: Sustainable Food & Agriculture Tech (AgriTech)**
**Rank Score: 8.5/10**
**Insights:** The need to feed a growing population sustainably is urgent. High growth potential in vertical farming, precision agriculture (using drones and IoT sensors),","Of course. Here are 2-3 insights based on a generic high-ranking score, designed to be applicable across multiple categories.

**Category:** Digital Marketing / Content Performance
**Rank_Score:** 92

**Insights:**

1.  **The top-performing content clusters around ""how-to"" guides and problem-solving tutorials, not product features.** This indicates the audience is in an active research and education phase of the buyer's journey. To leverage this, future content should focus on addressing pain points with actionable solutions, strategically embedding product benefits within the educational framework.

2.  **A significant portion of the traffic for high-ranking pages comes from long-tail, question-based keyword queries (e.g., ""how to fix [specific problem]"").** This reveals a high user intent and a opportunity to dominate ""question and answer"" SERP features. Creating more content targeted at these specific questions, perhaps in an FAQ format, can capture more featured snippets and voice search traffic.

3.  **The average time on page for these high-ranking articles is 70% higher than the site average, but the conversion rate is low.** This suggests the content is highly engaging and successfully answers the user's query, but lacks a clear or compelling next step. This is a critical leak in the funnel. Adding contextually relevant calls-to-action (e.g., a downloadable detailed guide, a free tool, or a consultation offer) within the content could dramatically improve lead generation."
https://www.sequoiacap.com/companies/bigpanda/,"Of course. Here is a comprehensive classification of an industry, broken down into the requested categories with detailed insights.

### **Industry Classification: The Electric Vehicle (EV) Manufacturing Industry**

---

### **Category:**
**Primary Category:** Manufacturing (NAICS Code: 336)
**Sub-Category:** Motor Vehicle Manufacturing (NAICS Code: 3361)
**Specific Niche:** Electric and Hybrid Electric Vehicle Manufacturing

This industry involves the design, development, and assembly of battery-powered (BEV) and plug-in hybrid (PHEV) automobiles. It is a disruptive sub-sector of the broader automotive industry.

---

### **Rank_Score:**
**High Growth & High Disruption (Score: 9/10)**

*   **Market Position & Growth:** 10/10. The industry is in a hyper-growth phase, fueled by government regulations (bans on ICE vehicles), consumer demand for sustainability, technological advancements, and significant capital investment. Market share is rapidly expanding from a small base.
*   **Competitive Intensity:** 8/10. Extremely high. Competition includes:
    *   **Incumbents:** Traditional automakers (e.g., Volkswagen, GM, Ford) aggressively transitioning to EVs.
    *   **Disruptors:** Pure-play EV makers (e.g., Tesla, Rivian, Lucid, NIO) with first-mover and tech advantages.
    *   **New Entrants:** Tech companies and startups continually entering the space.
*   **Regulatory & Economic Sensitivity:** 9/10. Highly sensitive to government subsidies, tax credits, environmental regulations, and the cost/availability of raw materials (e.g., lithium, cobalt).
*   **Technological Innovation:** 10/10. The core of the industry. Continuous rapid innovation in battery chemistry (energy density, charge time), autonomous driving software, and manufacturing efficiency (e.g., gigacasting) is critical for competitive advantage.
*   **Profitability & Maturity:** 7/10. Currently a ""land grab"" phase. While a few leaders are profitable, many players are still investing heavily in R&D and scaling production, prioritizing growth over immediate profitability. The industry is far from mature.

---

### **Insights:**

1.  **The Battery is the Battleground:** The most critical differentiator is no longer the internal combustion engine but the battery. Companies are vertically integrating into battery production (via Gigafactories) to control supply","Of course. Here is a ranked list of 10 categories with high growth potential, based on current technological, demographic, and societal trends.

***

### **Category: Artificial Intelligence (AI) & Machine Learning Services**
**Rank Score: 10/10**
**Insights:** This is the foundational technology enabling growth in nearly every other sector. Growth isn't just in building core AI models, but in specialized applications: AI for healthcare (drug discovery, diagnostics), AI for enterprise (process automation, data analysis), and AI-powered cybersecurity. The democratization of AI through APIs and no-code platforms will fuel an explosion of new startups and services.

---

### **Category: Renewable Energy & Energy Storage**
**Rank Score: 9.5/10**
**Insights:** Driven by global decarbonization goals, energy security concerns, and falling technology costs. Growth extends beyond solar/wind installation to the critical enabler: battery storage technology (grid-scale and residential) and green hydrogen. The electrification of transportation and industry creates a massive, sustained demand for clean energy.

---

### **Category: Digital Health & Telemedicine**
**Rank Score: 9/10**
**Insights:** The pandemic permanently shifted consumer and provider attitudes. Growth areas include remote patient monitoring (RPM) devices, personalized medicine based on genetic data, mental health platforms, and SaaS solutions that streamline clinic operations. An aging global population ensures long-term demand.

---

### **Category: E-commerce Enablement & Logistics**
**Rank Score: 8.5/10**
**Insights:** E-commerce is growing, but the next wave is in the *infrastructure* that supports it. This includes last-mile delivery optimization, automated warehousing robotics, sustainable packaging, and SaaS platforms for inventory management, personalization, and direct-to-consumer (D2C) brand support.

---

### **Category: Cybersecurity**
**Rank Score: 8.5/10**
**Insights:** As our lives and businesses become more digital, the attack surface expands exponentially. High growth is in cloud security, identity and access management, and AI-driven threat detection. Critical for businesses of all sizes, making it a resilient sector even during economic downturns.

---

### **Category: FinTech & Decentralized Finance (DeFi)**
**Rank Score: 8/10**
**Insights:** Continues to disrupt traditional banking, lending, and investing. Key growth vectors are embedded finance (financial services within non-financial","Of course. Since you haven't provided a specific category or rank score, I will provide a general template and then three examples for different categories.

### **General Template:**

**Category:** [e.g., Digital Marketing, Astrophysics, Coffee Brewing]
**Rank Score:** [e.g., 95 - A highly significant and actionable insight]
**Insights:**
1.  [Insight One: A clear, non-obvious finding or pattern.]
2.  [Insight Two: A second finding, often related to cause/effect or a prediction.]
3.  [Insight Three: A strategic recommendation or warning based on the data.]

---

### **Example 1: For the Category ""E-Commerce""**

**Category:** E-Commerce
**Rank Score:** 92 - A highly impactful insight for conversion rate optimization.
**Insights:**
1.  **The 'Hesitation Zone':** Cart abandonment rates spike by 35% for users who spend more than 90 seconds on the checkout page without completing a purchase, indicating confusion or friction rather than price sensitivity.
2.  **Mobile vs. Desktop Divide:** Mobile users are 3x more likely to use ""Buy Now"" options for products under $50, while desktop users exhibit a higher average order value but require more navigation through the full product page.
3.  **Social Proof Timing:** Displaying ""Recently bought"" notifications is most effective on product category pages to drive initial clicks, but showing ""Low stock"" warnings is more effective than social proof on the individual product page to finalize the purchase decision.

### **Example 2: For the Category ""Remote Work Productivity""**

**Category:** Remote Work Productivity
**Rank Score:** 88 - A strong insight with clear implications for management strategy.
**Insights:**
1.  **The Async Communication Premium:** Teams that default to asynchronous communication (e.g., Loom videos, detailed docs) for non-urgent matters report 25% higher deep work satisfaction and 15% fewer meeting hours per week than those relying primarily on synchronous chats and calls.
2.  **Camera-On Fatigue:** Mandatory camera-on policies in internal meetings are correlated with a 18% higher self-reported burnout rate. The highest performing teams adopt a ""camera-optional but engaged"" culture, using other indicators of participation.
3.  **The ""Micro-Feedback"" Loop:** The most successful remote managers provide concise, positive feedback"
